,country,year,sex,Preventable mortality,Treatable mortality,GDP per capita,y_QU1,y_QU2,y_QU3,y_QU4,y_QU5,high bmi,smoking,binge drinking
0,Austria,2011,F,95.29,67.41,36970.0,16542.1,27955.8,36687.8,48214.5,74519.8,0.113,0.083,0.375
1,Austria,2011,M,248.5,96.86,36970.0,16542.1,27955.8,36687.8,48214.5,74519.8,0.146,0.141,0.3
2,Austria,2012,F,96.16,69.72,37820.0,16542.1,27955.8,36687.8,48214.5,74519.8,0.113,0.083,0.375
3,Austria,2012,M,252.28,91.45,37820.0,16542.1,27955.8,36687.8,48214.5,74519.8,0.146,0.141,0.3
4,Austria,2013,F,93.22,66.84,38210.0,16542.1,27955.8,36687.8,48214.5,74519.8,0.113,0.083,0.375
5,Austria,2013,M,245.9,92.05,38210.0,16542.1,27955.8,36687.8,48214.5,74519.8,0.146,0.141,0.3
6,Austria,2014,F,93.95,66.7,38990.0,16542.1,27955.8,36687.8,48214.5,74519.8,0.113,0.083,0.375
7,Austria,2014,M,238.63,90.11,38990.0,16542.1,27955.8,36687.8,48214.5,74519.8,0.146,0.141,0.3
8,Austria,2015,F,97.52,66.85,39890.0,16542.1,27955.8,36687.8,48214.5,74519.8,0.113,0.083,0.375
9,Austria,2015,M,242.3,92.66,39890.0,16542.1,27955.8,36687.8,48214.5,74519.8,0.146,0.141,0.3
10,Austria,2016,F,96.39,66.58,40920.0,16542.1,27955.8,36687.8,48214.5,74519.8,0.113,0.083,0.375
11,Austria,2016,M,231.4,90.42,40920.0,16542.1,27955.8,36687.8,48214.5,74519.8,0.146,0.141,0.3
12,Austria,2017,F,92.94,65.48,42000.0,16542.1,27955.8,36687.8,48214.5,74519.8,0.113,0.083,0.375
13,Austria,2017,M,226.73,88.27,42000.0,16542.1,27955.8,36687.8,48214.5,74519.8,0.146,0.141,0.3
14,Belgium,2011,F,101.35,78.98,34060.0,15834.1,23310.6,33248.2,44849.9,68233.2,0.129,0.063,0.278
15,Belgium,2011,M,248.21,86.28,34060.0,15834.1,23310.6,33248.2,44849.9,68233.2,0.126,0.08900000000000001,0.175
16,Belgium,2012,F,99.97,77.35,34770.0,15834.1,23310.6,33248.2,44849.9,68233.2,0.129,0.063,0.278
17,Belgium,2012,M,246.27,87.46,34770.0,15834.1,23310.6,33248.2,44849.9,68233.2,0.126,0.08900000000000001,0.175
18,Belgium,2013,F,100.34,76.24,35210.0,15834.1,23310.6,33248.2,44849.9,68233.2,0.129,0.063,0.278
19,Belgium,2013,M,239.34,87.82,35210.0,15834.1,23310.6,33248.2,44849.9,68233.2,0.126,0.08900000000000001,0.175
20,Belgium,2014,F,95.4,70.91,35950.0,15834.1,23310.6,33248.2,44849.9,68233.2,0.129,0.063,0.278
21,Belgium,2014,M,231.42,79.38,35950.0,15834.1,23310.6,33248.2,44849.9,68233.2,0.126,0.08900000000000001,0.175
22,Belgium,2015,F,99.71,69.15,36960.0,15834.1,23310.6,33248.2,44849.9,68233.2,0.129,0.063,0.278
23,Belgium,2015,M,225.13,79.3,36960.0,15834.1,23310.6,33248.2,44849.9,68233.2,0.126,0.08900000000000001,0.175
24,Belgium,2016,F,94.13,66.19,37960.0,15834.1,23310.6,33248.2,44849.9,68233.2,0.129,0.063,0.278
25,Belgium,2016,M,218.89,77.34,37960.0,15834.1,23310.6,33248.2,44849.9,68233.2,0.126,0.08900000000000001,0.175
26,Belgium,2017,F,93.42,66.61,39130.0,15834.1,23310.6,33248.2,44849.9,68233.2,0.129,0.063,0.278
27,Belgium,2017,M,208.83,75.81,39130.0,15834.1,23310.6,33248.2,44849.9,68233.2,0.126,0.08900000000000001,0.175
28,Bulgaria,2011,F,119.32,151.57,5640.0,1847.7,3270.1,5115.9,7451.6,14354.6,0.11599999999999999,0.084,0.278
29,Bulgaria,2011,M,344.65,248.0,5640.0,1847.7,3270.1,5115.9,7451.6,14354.6,0.146,0.23199999999999998,0.272
30,Bulgaria,2012,F,126.17,160.44,5780.0,1847.7,3270.1,5115.9,7451.6,14354.6,0.11599999999999999,0.084,0.278
31,Bulgaria,2012,M,365.78,261.28,5780.0,1847.7,3270.1,5115.9,7451.6,14354.6,0.146,0.23199999999999998,0.272
32,Bulgaria,2013,F,119.29,147.09,5790.0,1847.7,3270.1,5115.9,7451.6,14354.6,0.11599999999999999,0.084,0.278
33,Bulgaria,2013,M,379.13,248.15,5790.0,1847.7,3270.1,5115.9,7451.6,14354.6,0.146,0.23199999999999998,0.272
34,Bulgaria,2014,F,129.04,155.03,5960.0,1847.7,3270.1,5115.9,7451.6,14354.6,0.11599999999999999,0.084,0.278
35,Bulgaria,2014,M,378.31,256.34,5960.0,1847.7,3270.1,5115.9,7451.6,14354.6,0.146,0.23199999999999998,0.272
36,Bulgaria,2015,F,128.32,152.09,6380.0,1847.7,3270.1,5115.9,7451.6,14354.6,0.11599999999999999,0.084,0.278
37,Bulgaria,2015,M,381.02,252.99,6380.0,1847.7,3270.1,5115.9,7451.6,14354.6,0.146,0.23199999999999998,0.272
38,Bulgaria,2016,F,120.14,146.35,6840.0,1847.7,3270.1,5115.9,7451.6,14354.6,0.11599999999999999,0.084,0.278
39,Bulgaria,2016,M,363.2,251.99,6840.0,1847.7,3270.1,5115.9,7451.6,14354.6,0.146,0.23199999999999998,0.272
40,Bulgaria,2017,F,121.87,147.07,7420.0,1847.7,3270.1,5115.9,7451.6,14354.6,0.11599999999999999,0.084,0.278
41,Bulgaria,2017,M,356.95,246.1,7420.0,1847.7,3270.1,5115.9,7451.6,14354.6,0.146,0.23199999999999998,0.272
42,Croatia,2011,F,131.81,123.47,10660.0,3333.2,6707.4,9936.8,13733.3,21342.7,0.138,0.081,0.184
43,Croatia,2011,M,409.37,192.33,10660.0,3333.2,6707.4,9936.8,13733.3,21342.7,0.198,0.198,0.265
44,Croatia,2012,F,120.78,119.18,10470.0,3333.2,6707.4,9936.8,13733.3,21342.7,0.138,0.081,0.184
45,Croatia,2012,M,409.87,188.58,10470.0,3333.2,6707.4,9936.8,13733.3,21342.7,0.198,0.198,0.265
46,Croatia,2013,F,118.38,113.21,10470.0,3333.2,6707.4,9936.8,13733.3,21342.7,0.138,0.081,0.184
47,Croatia,2013,M,387.01,176.58,10470.0,3333.2,6707.4,9936.8,13733.3,21342.7,0.198,0.198,0.265
48,Croatia,2014,F,120.42,113.53,10410.0,3333.2,6707.4,9936.8,13733.3,21342.7,0.138,0.081,0.184
49,Croatia,2014,M,375.01,182.66,10410.0,3333.2,6707.4,9936.8,13733.3,21342.7,0.198,0.198,0.265
50,Croatia,2015,F,125.41,117.19,10780.0,3333.2,6707.4,9936.8,13733.3,21342.7,0.138,0.081,0.184
51,Croatia,2015,M,381.83,187.51,10780.0,3333.2,6707.4,9936.8,13733.3,21342.7,0.198,0.198,0.265
52,Croatia,2016,F,113.56,109.32,11370.0,3333.2,6707.4,9936.8,13733.3,21342.7,0.138,0.081,0.184
53,Croatia,2016,M,368.24,175.61,11370.0,3333.2,6707.4,9936.8,13733.3,21342.7,0.198,0.198,0.265
54,Croatia,2017,F,117.26,107.57,12130.0,3333.2,6707.4,9936.8,13733.3,21342.7,0.138,0.081,0.184
55,Croatia,2017,M,363.82,176.44,12130.0,3333.2,6707.4,9936.8,13733.3,21342.7,0.198,0.198,0.265
56,Cyprus,2011,F,57.31,70.88,23340.0,11467.4,18180.6,25357.4,35763.9,60673.0,0.09699999999999999,0.049,0.203
57,Cyprus,2011,M,163.84,88.06,23340.0,11467.4,18180.6,25357.4,35763.9,60673.0,0.147,0.218,0.306
58,Cyprus,2012,F,49.38,67.92,22570.0,11467.4,18180.6,25357.4,35763.9,60673.0,0.09699999999999999,0.049,0.203
59,Cyprus,2012,M,180.62,101.88,22570.0,11467.4,18180.6,25357.4,35763.9,60673.0,0.147,0.218,0.306
60,Cyprus,2013,F,47.75,61.18,20930.0,11467.4,18180.6,25357.4,35763.9,60673.0,0.09699999999999999,0.049,0.203
61,Cyprus,2013,M,172.97,87.87,20930.0,11467.4,18180.6,25357.4,35763.9,60673.0,0.147,0.218,0.306
62,Cyprus,2014,F,54.65,63.0,20510.0,11467.4,18180.6,25357.4,35763.9,60673.0,0.09699999999999999,0.049,0.203
63,Cyprus,2014,M,166.58,84.74,20510.0,11467.4,18180.6,25357.4,35763.9,60673.0,0.147,0.218,0.306
64,Cyprus,2015,F,55.67,70.35,21170.0,11467.4,18180.6,25357.4,35763.9,60673.0,0.09699999999999999,0.049,0.203
65,Cyprus,2015,M,168.48,89.91,21170.0,11467.4,18180.6,25357.4,35763.9,60673.0,0.147,0.218,0.306
66,Cyprus,2016,F,49.98,59.77,22330.0,11467.4,18180.6,25357.4,35763.9,60673.0,0.09699999999999999,0.049,0.203
67,Cyprus,2016,M,153.51,83.46,22330.0,11467.4,18180.6,25357.4,35763.9,60673.0,0.147,0.218,0.306
68,Cyprus,2017,F,46.69,60.5,23630.0,11467.4,18180.6,25357.4,35763.9,60673.0,0.09699999999999999,0.049,0.203
69,Cyprus,2017,M,181.14,88.35,23630.0,11467.4,18180.6,25357.4,35763.9,60673.0,0.147,0.218,0.306
70,Czechia,2011,F,121.08,114.21,15740.0,5855.1,9334.9,12419.9,16699.2,26053.4,0.16,0.028999999999999998,0.353
71,Czechia,2011,M,344.03,187.04,15740.0,5855.1,9334.9,12419.9,16699.2,26053.4,0.184,0.11,0.21600000000000003
72,Czechia,2012,F,118.74,110.31,15470.0,5855.1,9334.9,12419.9,16699.2,26053.4,0.16,0.028999999999999998,0.353
73,Czechia,2012,M,332.88,186.58,15470.0,5855.1,9334.9,12419.9,16699.2,26053.4,0.184,0.11,0.21600000000000003
74,Czechia,2013,F,120.41,109.37,15170.0,5855.1,9334.9,12419.9,16699.2,26053.4,0.16,0.028999999999999998,0.353
75,Czechia,2013,M,331.8,182.09,15170.0,5855.1,9334.9,12419.9,16699.2,26053.4,0.184,0.11,0.21600000000000003
76,Czechia,2014,F,110.13,98.25,15000.0,5855.1,9334.9,12419.9,16699.2,26053.4,0.16,0.028999999999999998,0.353
77,Czechia,2014,M,310.88,170.95,15000.0,5855.1,9334.9,12419.9,16699.2,26053.4,0.184,0.11,0.21600000000000003
78,Czechia,2015,F,113.31,100.93,16080.0,5855.1,9334.9,12419.9,16699.2,26053.4,0.16,0.028999999999999998,0.353
79,Czechia,2015,M,311.61,175.33,16080.0,5855.1,9334.9,12419.9,16699.2,26053.4,0.184,0.11,0.21600000000000003
80,Czechia,2016,F,106.4,95.78,16790.0,5855.1,9334.9,12419.9,16699.2,26053.4,0.16,0.028999999999999998,0.353
81,Czechia,2016,M,294.45,165.79,16790.0,5855.1,9334.9,12419.9,16699.2,26053.4,0.184,0.11,0.21600000000000003
82,Czechia,2017,F,108.17,96.16,18330.0,5855.1,9334.9,12419.9,16699.2,26053.4,0.16,0.028999999999999998,0.353
83,Czechia,2017,M,295.82,162.92,18330.0,5855.1,9334.9,12419.9,16699.2,26053.4,0.184,0.11,0.21600000000000003
84,Denmark,2011,F,126.47,86.18,44500.0,16748.4,29074.2,39407.5,52636.6,87674.0,0.149,0.031,0.32899999999999996
85,Denmark,2011,M,242.02,96.74,44500.0,16748.4,29074.2,39407.5,52636.6,87674.0,0.129,0.055999999999999994,0.27399999999999997
86,Denmark,2012,F,130.97,81.71,45530.0,16748.4,29074.2,39407.5,52636.6,87674.0,0.149,0.031,0.32899999999999996
87,Denmark,2012,M,235.76,92.44,45530.0,16748.4,29074.2,39407.5,52636.6,87674.0,0.129,0.055999999999999994,0.27399999999999997
88,Denmark,2013,F,122.39,73.79,46100.0,16748.4,29074.2,39407.5,52636.6,87674.0,0.149,0.031,0.32899999999999996
89,Denmark,2013,M,223.94,87.55,46100.0,16748.4,29074.2,39407.5,52636.6,87674.0,0.129,0.055999999999999994,0.27399999999999997
90,Denmark,2014,F,121.62,73.42,47090.0,16748.4,29074.2,39407.5,52636.6,87674.0,0.149,0.031,0.32899999999999996
91,Denmark,2014,M,226.2,83.0,47090.0,16748.4,29074.2,39407.5,52636.6,87674.0,0.129,0.055999999999999994,0.27399999999999997
92,Denmark,2015,F,116.91,73.07,48050.0,16748.4,29074.2,39407.5,52636.6,87674.0,0.149,0.031,0.32899999999999996
93,Denmark,2015,M,212.8,82.83,48050.0,16748.4,29074.2,39407.5,52636.6,87674.0,0.129,0.055999999999999994,0.27399999999999997
94,Denmark,2016,F,115.01,70.8,49420.0,16748.4,29074.2,39407.5,52636.6,87674.0,0.149,0.031,0.32899999999999996
95,Denmark,2016,M,207.67,81.51,49420.0,16748.4,29074.2,39407.5,52636.6,87674.0,0.129,0.055999999999999994,0.27399999999999997
96,Denmark,2017,F,111.21,65.19,51140.0,16748.4,29074.2,39407.5,52636.6,87674.0,0.149,0.031,0.32899999999999996
97,Denmark,2017,M,203.44,81.59,51140.0,16748.4,29074.2,39407.5,52636.6,87674.0,0.129,0.055999999999999994,0.27399999999999997
98,Estonia,2011,F,136.86,113.6,12540.0,4233.3,7538.9,13294.9,19001.3,32143.5,0.17,0.028999999999999998,0.326
99,Estonia,2011,M,518.56,229.04,12540.0,4233.3,7538.9,13294.9,19001.3,32143.5,0.18,0.153,0.318
100,Estonia,2012,F,135.79,114.61,13520.0,4233.3,7538.9,13294.9,19001.3,32143.5,0.17,0.028999999999999998,0.326
101,Estonia,2012,M,524.47,229.96,13520.0,4233.3,7538.9,13294.9,19001.3,32143.5,0.18,0.153,0.318
102,Estonia,2013,F,134.01,110.67,14320.0,4233.3,7538.9,13294.9,19001.3,32143.5,0.17,0.028999999999999998,0.326
103,Estonia,2013,M,476.59,217.37,14320.0,4233.3,7538.9,13294.9,19001.3,32143.5,0.18,0.153,0.318
104,Estonia,2014,F,127.35,107.13,15240.0,4233.3,7538.9,13294.9,19001.3,32143.5,0.17,0.028999999999999998,0.326
105,Estonia,2014,M,479.28,216.68,15240.0,4233.3,7538.9,13294.9,19001.3,32143.5,0.18,0.153,0.318
106,Estonia,2015,F,125.68,107.21,15710.0,4233.3,7538.9,13294.9,19001.3,32143.5,0.17,0.028999999999999998,0.326
107,Estonia,2015,M,459.28,205.27,15710.0,4233.3,7538.9,13294.9,19001.3,32143.5,0.18,0.153,0.318
108,Estonia,2016,F,124.93,101.14,16530.0,4233.3,7538.9,13294.9,19001.3,32143.5,0.17,0.028999999999999998,0.326
109,Estonia,2016,M,441.21,200.33,16530.0,4233.3,7538.9,13294.9,19001.3,32143.5,0.18,0.153,0.318
110,Estonia,2017,F,113.9,95.2,18120.0,4233.3,7538.9,13294.9,19001.3,32143.5,0.17,0.028999999999999998,0.326
111,Estonia,2017,M,418.41,193.26,18120.0,4233.3,7538.9,13294.9,19001.3,32143.5,0.18,0.153,0.318
112,Finland,2011,F,94.05,66.04,36750.0,15468.8,25529.5,35562.7,45565.7,72075.0,0.154,0.0,0.33899999999999997
113,Finland,2011,M,288.01,109.2,36750.0,15468.8,25529.5,35562.7,45565.7,72075.0,0.17800000000000002,0.0,0.282
114,Finland,2012,F,93.26,69.29,37130.0,15468.8,25529.5,35562.7,45565.7,72075.0,0.154,0.0,0.33899999999999997
115,Finland,2012,M,278.31,102.45,37130.0,15468.8,25529.5,35562.7,45565.7,72075.0,0.17800000000000002,0.0,0.282
116,Finland,2013,F,91.07,63.1,37570.0,15468.8,25529.5,35562.7,45565.7,72075.0,0.154,0.0,0.33899999999999997
117,Finland,2013,M,272.82,99.63,37570.0,15468.8,25529.5,35562.7,45565.7,72075.0,0.17800000000000002,0.0,0.282
118,Finland,2014,F,87.9,60.57,37880.0,15468.8,25529.5,35562.7,45565.7,72075.0,0.154,0.0,0.33899999999999997
119,Finland,2014,M,254.43,95.69,37880.0,15468.8,25529.5,35562.7,45565.7,72075.0,0.17800000000000002,0.0,0.282
120,Finland,2015,F,85.51,59.33,38570.0,15468.8,25529.5,35562.7,45565.7,72075.0,0.154,0.0,0.33899999999999997
121,Finland,2015,M,245.41,91.84,38570.0,15468.8,25529.5,35562.7,45565.7,72075.0,0.17800000000000002,0.0,0.282
122,Finland,2016,F,84.53,63.02,39580.0,15468.8,25529.5,35562.7,45565.7,72075.0,0.154,0.0,0.33899999999999997
123,Finland,2016,M,251.58,91.82,39580.0,15468.8,25529.5,35562.7,45565.7,72075.0,0.17800000000000002,0.0,0.282
124,Finland,2017,F,86.37,61.21,41080.0,15468.8,25529.5,35562.7,45565.7,72075.0,0.154,0.0,0.33899999999999997
125,Finland,2017,M,239.19,91.42,41080.0,15468.8,25529.5,35562.7,45565.7,72075.0,0.17800000000000002,0.0,0.282
126,France,2011,F,70.54,62.67,31510.0,18570.2,26617.5,33734.1,44273.2,75513.0,0.133,0.034,
127,France,2011,M,230.85,73.36,31510.0,18570.2,26617.5,33734.1,44273.2,75513.0,0.127,0.077,
128,France,2012,F,69.02,61.53,31820.0,18570.2,26617.5,33734.1,44273.2,75513.0,0.133,0.034,
129,France,2012,M,223.26,71.26,31820.0,18570.2,26617.5,33734.1,44273.2,75513.0,0.127,0.077,
130,France,2013,F,67.78,61.02,32080.0,18570.2,26617.5,33734.1,44273.2,75513.0,0.133,0.034,
131,France,2013,M,218.86,69.75,32080.0,18570.2,26617.5,33734.1,44273.2,75513.0,0.127,0.077,
132,France,2014,F,67.05,59.66,32420.0,18570.2,26617.5,33734.1,44273.2,75513.0,0.133,0.034,
133,France,2014,M,209.93,66.64,32420.0,18570.2,26617.5,33734.1,44273.2,75513.0,0.127,0.077,
134,France,2015,F,67.45,58.67,33020.0,18570.2,26617.5,33734.1,44273.2,75513.0,0.133,0.034,
135,France,2015,M,211.69,67.64,33020.0,18570.2,26617.5,33734.1,44273.2,75513.0,0.127,0.077,
136,France,2016,F,66.76,59.0,33430.0,18570.2,26617.5,33734.1,44273.2,75513.0,0.133,0.034,
137,France,2016,M,206.3,66.63,33430.0,18570.2,26617.5,33734.1,44273.2,75513.0,0.127,0.077,
138,France,2017,F,67.05,59.03,34230.0,18570.2,26617.5,33734.1,44273.2,75513.0,0.133,0.034,
139,France,2017,M,198.54,65.57,34230.0,18570.2,26617.5,33734.1,44273.2,75513.0,0.127,0.077,
140,Germany,2011,F,93.29,80.98,33550.0,9952.4,20975.5,29266.7,38707.9,64555.2,0.145,0.04,0.3
141,Germany,2011,M,238.32,109.32,33550.0,9952.4,20975.5,29266.7,38707.9,64555.2,0.157,0.081,0.226
142,Germany,2012,F,92.69,78.78,34130.0,9952.4,20975.5,29266.7,38707.9,64555.2,0.145,0.04,0.3
143,Germany,2012,M,233.42,106.51,34130.0,9952.4,20975.5,29266.7,38707.9,64555.2,0.157,0.081,0.226
144,Germany,2013,F,95.3,78.71,34860.0,9952.4,20975.5,29266.7,38707.9,64555.2,0.145,0.04,0.3
145,Germany,2013,M,233.47,105.62,34860.0,9952.4,20975.5,29266.7,38707.9,64555.2,0.157,0.081,0.226
146,Germany,2014,F,91.52,75.11,36150.0,9952.4,20975.5,29266.7,38707.9,64555.2,0.145,0.04,0.3
147,Germany,2014,M,224.37,100.9,36150.0,9952.4,20975.5,29266.7,38707.9,64555.2,0.157,0.081,0.226
148,Germany,2015,F,95.52,76.63,37050.0,9952.4,20975.5,29266.7,38707.9,64555.2,0.145,0.04,0.3
149,Germany,2015,M,228.08,103.27,37050.0,9952.4,20975.5,29266.7,38707.9,64555.2,0.157,0.081,0.226
150,Germany,2016,F,94.81,75.14,38070.0,9952.4,20975.5,29266.7,38707.9,64555.2,0.145,0.04,0.3
151,Germany,2016,M,224.21,99.8,38070.0,9952.4,20975.5,29266.7,38707.9,64555.2,0.157,0.081,0.226
152,Germany,2017,F,94.92,73.72,39530.0,9952.4,20975.5,29266.7,38707.9,64555.2,0.145,0.04,0.3
153,Germany,2017,M,219.79,98.42,39530.0,9952.4,20975.5,29266.7,38707.9,64555.2,0.157,0.081,0.226
154,Greece,2011,F,65.55,74.53,18310.0,4999.1,9838.0,12724.9,17132.8,30127.6,0.134,0.11800000000000001,0.292
155,Greece,2011,M,239.19,115.76,18310.0,4999.1,9838.0,12724.9,17132.8,30127.6,0.175,0.25,0.294
156,Greece,2012,F,65.58,77.14,17060.0,4999.1,9838.0,12724.9,17132.8,30127.6,0.134,0.11800000000000001,0.292
157,Greece,2012,M,244.36,117.64,17060.0,4999.1,9838.0,12724.9,17132.8,30127.6,0.175,0.25,0.294
158,Greece,2013,F,66.81,74.05,16410.0,4999.1,9838.0,12724.9,17132.8,30127.6,0.134,0.11800000000000001,0.292
159,Greece,2013,M,241.0,109.98,16410.0,4999.1,9838.0,12724.9,17132.8,30127.6,0.175,0.25,0.294
160,Greece,2014,F,61.49,74.97,16270.0,4999.1,9838.0,12724.9,17132.8,30127.6,0.134,0.11800000000000001,0.292
161,Greece,2014,M,231.8,116.17,16270.0,4999.1,9838.0,12724.9,17132.8,30127.6,0.175,0.25,0.294
162,Greece,2015,F,63.99,76.21,16300.0,4999.1,9838.0,12724.9,17132.8,30127.6,0.134,0.11800000000000001,0.292
163,Greece,2015,M,235.02,119.39,16300.0,4999.1,9838.0,12724.9,17132.8,30127.6,0.175,0.25,0.294
164,Greece,2016,F,65.24,75.43,16190.0,4999.1,9838.0,12724.9,17132.8,30127.6,0.134,0.11800000000000001,0.292
165,Greece,2016,M,225.86,116.64,16190.0,4999.1,9838.0,12724.9,17132.8,30127.6,0.175,0.25,0.294
166,Greece,2017,F,64.26,76.6,16450.0,4999.1,9838.0,12724.9,17132.8,30127.6,0.134,0.11800000000000001,0.292
167,Greece,2017,M,227.13,113.93,16450.0,4999.1,9838.0,12724.9,17132.8,30127.6,0.175,0.25,0.294
168,Hungary,2011,F,201.43,152.34,10240.0,3657.7,5866.3,7641.1,10043.4,16038.2,0.175,0.035,0.22399999999999998
169,Hungary,2011,M,557.7,257.96,10240.0,3657.7,5866.3,7641.1,10043.4,16038.2,0.20600000000000002,0.11,0.282
170,Hungary,2012,F,198.36,150.7,10110.0,3657.7,5866.3,7641.1,10043.4,16038.2,0.175,0.035,0.22399999999999998
171,Hungary,2012,M,538.49,248.59,10110.0,3657.7,5866.3,7641.1,10043.4,16038.2,0.20600000000000002,0.11,0.282
172,Hungary,2013,F,191.96,143.57,10330.0,3657.7,5866.3,7641.1,10043.4,16038.2,0.175,0.035,0.22399999999999998
173,Hungary,2013,M,506.31,238.47,10330.0,3657.7,5866.3,7641.1,10043.4,16038.2,0.20600000000000002,0.11,0.282
174,Hungary,2014,F,190.5,141.75,10770.0,3657.7,5866.3,7641.1,10043.4,16038.2,0.175,0.035,0.22399999999999998
175,Hungary,2014,M,503.64,235.51,10770.0,3657.7,5866.3,7641.1,10043.4,16038.2,0.20600000000000002,0.11,0.282
176,Hungary,2015,F,198.75,143.62,11460.0,3657.7,5866.3,7641.1,10043.4,16038.2,0.175,0.035,0.22399999999999998
177,Hungary,2015,M,502.07,235.51,11460.0,3657.7,5866.3,7641.1,10043.4,16038.2,0.20600000000000002,0.11,0.282
178,Hungary,2016,F,184.89,134.27,11850.0,3657.7,5866.3,7641.1,10043.4,16038.2,0.175,0.035,0.22399999999999998
179,Hungary,2016,M,499.22,229.29,11850.0,3657.7,5866.3,7641.1,10043.4,16038.2,0.20600000000000002,0.11,0.282
180,Hungary,2017,F,191.92,136.96,12980.0,3657.7,5866.3,7641.1,10043.4,16038.2,0.175,0.035,0.22399999999999998
181,Hungary,2017,M,495.62,232.94,12980.0,3657.7,5866.3,7641.1,10043.4,16038.2,0.20600000000000002,0.11,0.282
182,Ireland,2011,F,100.31,84.92,37530.0,16284.8,27143.3,40885.3,55274.0,84507.0,0.16699999999999998,0.03,0.306
183,Ireland,2011,M,216.34,103.37,37530.0,16284.8,27143.3,40885.3,55274.0,84507.0,0.2,0.052000000000000005,0.27399999999999997
184,Ireland,2012,F,95.84,80.62,38110.0,16284.8,27143.3,40885.3,55274.0,84507.0,0.16699999999999998,0.03,0.306
185,Ireland,2012,M,211.13,99.04,38110.0,16284.8,27143.3,40885.3,55274.0,84507.0,0.2,0.052000000000000005,0.27399999999999997
186,Ireland,2013,F,94.38,78.26,38810.0,16284.8,27143.3,40885.3,55274.0,84507.0,0.16699999999999998,0.03,0.306
187,Ireland,2013,M,207.05,95.0,38810.0,16284.8,27143.3,40885.3,55274.0,84507.0,0.2,0.052000000000000005,0.27399999999999997
188,Ireland,2014,F,98.66,77.45,42010.0,16284.8,27143.3,40885.3,55274.0,84507.0,0.16699999999999998,0.03,0.306
189,Ireland,2014,M,196.85,90.24,42010.0,16284.8,27143.3,40885.3,55274.0,84507.0,0.2,0.052000000000000005,0.27399999999999997
190,Ireland,2015,F,89.77,77.74,56120.0,16284.8,27143.3,40885.3,55274.0,84507.0,0.16699999999999998,0.03,0.306
191,Ireland,2015,M,185.13,90.04,56120.0,16284.8,27143.3,40885.3,55274.0,84507.0,0.2,0.052000000000000005,0.27399999999999997
192,Ireland,2016,F,93.98,75.52,56800.0,16284.8,27143.3,40885.3,55274.0,84507.0,0.16699999999999998,0.03,0.306
193,Ireland,2016,M,183.17,84.87,56800.0,16284.8,27143.3,40885.3,55274.0,84507.0,0.2,0.052000000000000005,0.27399999999999997
194,Ireland,2017,F,86.9,68.18,62160.0,16284.8,27143.3,40885.3,55274.0,84507.0,0.16699999999999998,0.03,0.306
195,Ireland,2017,M,172.87,78.57,62160.0,16284.8,27143.3,40885.3,55274.0,84507.0,0.2,0.052000000000000005,0.27399999999999997
196,Italy,2011,F,65.56,69.54,27470.0,,,,,,0.08199999999999999,0.036000000000000004,0.23
197,Italy,2011,M,189.96,82.23,27470.0,,,,,,0.10300000000000001,0.095,0.22399999999999998
198,Italy,2012,F,64.49,69.54,26990.0,,,,,,0.08199999999999999,0.036000000000000004,0.23
199,Italy,2012,M,185.42,81.47,26990.0,,,,,,0.10300000000000001,0.095,0.22399999999999998
200,Italy,2013,F,62.41,65.61,26740.0,,,,,,0.08199999999999999,0.036000000000000004,0.23
201,Italy,2013,M,175.62,77.97,26740.0,,,,,,0.10300000000000001,0.095,0.22399999999999998
202,Italy,2014,F,60.36,64.71,26980.0,,,,,,0.08199999999999999,0.036000000000000004,0.23
203,Italy,2014,M,170.24,73.97,26980.0,,,,,,0.10300000000000001,0.095,0.22399999999999998
204,Italy,2015,F,61.9,65.79,27480.0,,,,,,0.08199999999999999,0.036000000000000004,0.23
205,Italy,2015,M,170.04,77.57,27480.0,,,,,,0.10300000000000001,0.095,0.22399999999999998
206,Italy,2016,F,60.14,62.34,28210.0,,,,,,0.08199999999999999,0.036000000000000004,0.23
207,Italy,2016,M,164.25,71.65,28210.0,,,,,,0.10300000000000001,0.095,0.22399999999999998
208,Italy,2017,F,60.21,62.5,28940.0,,,,,,0.08199999999999999,0.036000000000000004,0.23
209,Italy,2017,M,161.15,71.07,28940.0,,,,,,0.10300000000000001,0.095,0.22399999999999998
210,Latvia,2011,F,182.03,171.26,9550.0,2903.8,5817.0,9990.3,14587.3,26319.6,0.187,0.026000000000000002,0.348
211,Latvia,2011,M,630.02,333.31,9550.0,2903.8,5817.0,9990.3,14587.3,26319.6,0.18,0.16,0.40700000000000003
212,Latvia,2012,F,176.25,161.74,10870.0,2903.8,5817.0,9990.3,14587.3,26319.6,0.187,0.026000000000000002,0.348
213,Latvia,2012,M,627.36,320.58,10870.0,2903.8,5817.0,9990.3,14587.3,26319.6,0.18,0.16,0.40700000000000003
214,Latvia,2013,F,181.2,161.86,11320.0,2903.8,5817.0,9990.3,14587.3,26319.6,0.187,0.026000000000000002,0.348
215,Latvia,2013,M,607.85,305.78,11320.0,2903.8,5817.0,9990.3,14587.3,26319.6,0.18,0.16,0.40700000000000003
216,Latvia,2014,F,164.44,147.65,11850.0,2903.8,5817.0,9990.3,14587.3,26319.6,0.187,0.026000000000000002,0.348
217,Latvia,2014,M,599.91,298.81,11850.0,2903.8,5817.0,9990.3,14587.3,26319.6,0.18,0.16,0.40700000000000003
218,Latvia,2015,F,164.97,153.67,12430.0,2903.8,5817.0,9990.3,14587.3,26319.6,0.187,0.026000000000000002,0.348
219,Latvia,2015,M,578.43,284.04,12430.0,2903.8,5817.0,9990.3,14587.3,26319.6,0.18,0.16,0.40700000000000003
220,Latvia,2016,F,157.91,147.39,12950.0,2903.8,5817.0,9990.3,14587.3,26319.6,0.187,0.026000000000000002,0.348
221,Latvia,2016,M,567.61,284.98,12950.0,2903.8,5817.0,9990.3,14587.3,26319.6,0.18,0.16,0.40700000000000003
222,Latvia,2017,F,157.09,139.98,13900.0,2903.8,5817.0,9990.3,14587.3,26319.6,0.187,0.026000000000000002,0.348
223,Latvia,2017,M,554.54,283.6,13900.0,2903.8,5817.0,9990.3,14587.3,26319.6,0.18,0.16,0.40700000000000003
224,Lithuania,2011,F,172.85,154.33,10340.0,2678.2,5395.5,8944.2,13645.4,26602.9,0.159,0.013999999999999999,0.413
225,Lithuania,2011,M,660.16,317.09,10340.0,2678.2,5395.5,8944.2,13645.4,26602.9,0.131,0.155,0.45799999999999996
226,Lithuania,2012,F,169.57,149.4,11180.0,2678.2,5395.5,8944.2,13645.4,26602.9,0.159,0.013999999999999999,0.413
227,Lithuania,2012,M,641.56,318.1,11180.0,2678.2,5395.5,8944.2,13645.4,26602.9,0.131,0.155,0.45799999999999996
228,Lithuania,2013,F,165.21,145.59,11850.0,2678.2,5395.5,8944.2,13645.4,26602.9,0.159,0.013999999999999999,0.413
229,Lithuania,2013,M,630.27,312.41,11850.0,2678.2,5395.5,8944.2,13645.4,26602.9,0.131,0.155,0.45799999999999996
230,Lithuania,2014,F,156.31,138.47,12480.0,2678.2,5395.5,8944.2,13645.4,26602.9,0.159,0.013999999999999999,0.413
231,Lithuania,2014,M,593.78,292.43,12480.0,2678.2,5395.5,8944.2,13645.4,26602.9,0.131,0.155,0.45799999999999996
232,Lithuania,2015,F,156.39,145.36,12860.0,2678.2,5395.5,8944.2,13645.4,26602.9,0.159,0.013999999999999999,0.413
233,Lithuania,2015,M,595.49,309.28,12860.0,2678.2,5395.5,8944.2,13645.4,26602.9,0.131,0.155,0.45799999999999996
234,Lithuania,2016,F,150.7,141.26,13560.0,2678.2,5395.5,8944.2,13645.4,26602.9,0.159,0.013999999999999999,0.413
235,Lithuania,2016,M,583.93,298.09,13560.0,2678.2,5395.5,8944.2,13645.4,26602.9,0.131,0.155,0.45799999999999996
236,Lithuania,2017,F,144.14,127.23,14950.0,2678.2,5395.5,8944.2,13645.4,26602.9,0.159,0.013999999999999999,0.413
237,Lithuania,2017,M,527.72,267.43,14950.0,2678.2,5395.5,8944.2,13645.4,26602.9,0.131,0.155,0.45799999999999996
238,Luxembourg,2011,F,93.02,75.73,85330.0,26230.1,47129.0,56621.7,75137.2,127617.7,0.128,0.040999999999999995,0.264
239,Luxembourg,2011,M,208.56,91.87,85330.0,26230.1,47129.0,56621.7,75137.2,127617.7,0.15,0.068,0.237
240,Luxembourg,2012,F,88.67,69.32,87540.0,26230.1,47129.0,56621.7,75137.2,127617.7,0.128,0.040999999999999995,0.264
241,Luxembourg,2012,M,216.43,84.5,87540.0,26230.1,47129.0,56621.7,75137.2,127617.7,0.15,0.068,0.237
242,Luxembourg,2013,F,89.76,79.61,90030.0,26230.1,47129.0,56621.7,75137.2,127617.7,0.128,0.040999999999999995,0.264
243,Luxembourg,2013,M,207.49,88.0,90030.0,26230.1,47129.0,56621.7,75137.2,127617.7,0.15,0.068,0.237
244,Luxembourg,2014,F,79.95,60.69,92760.0,26230.1,47129.0,56621.7,75137.2,127617.7,0.128,0.040999999999999995,0.264
245,Luxembourg,2014,M,213.36,73.85,92760.0,26230.1,47129.0,56621.7,75137.2,127617.7,0.15,0.068,0.237
246,Luxembourg,2015,F,85.22,70.77,95090.0,26230.1,47129.0,56621.7,75137.2,127617.7,0.128,0.040999999999999995,0.264
247,Luxembourg,2015,M,185.29,69.95,95090.0,26230.1,47129.0,56621.7,75137.2,127617.7,0.15,0.068,0.237
248,Luxembourg,2016,F,83.09,66.69,96230.0,26230.1,47129.0,56621.7,75137.2,127617.7,0.128,0.040999999999999995,0.264
249,Luxembourg,2016,M,197.33,74.79,96230.0,26230.1,47129.0,56621.7,75137.2,127617.7,0.15,0.068,0.237
250,Luxembourg,2017,F,83.34,63.43,97440.0,26230.1,47129.0,56621.7,75137.2,127617.7,0.128,0.040999999999999995,0.264
251,Luxembourg,2017,M,177.12,83.16,97440.0,26230.1,47129.0,56621.7,75137.2,127617.7,0.15,0.068,0.237
252,Malta,2011,F,64.72,95.66,16630.0,10491.7,15485.1,22706.8,31267.9,51661.8,0.21,0.067,0.278
253,Malta,2011,M,207.7,121.36,16630.0,10491.7,15485.1,22706.8,31267.9,51661.8,0.267,0.113,0.26899999999999996
254,Malta,2012,F,71.08,96.36,17540.0,10491.7,15485.1,22706.8,31267.9,51661.8,0.21,0.067,0.278
255,Malta,2012,M,192.8,123.5,17540.0,10491.7,15485.1,22706.8,31267.9,51661.8,0.267,0.113,0.26899999999999996
256,Malta,2013,F,60.33,81.55,18680.0,10491.7,15485.1,22706.8,31267.9,51661.8,0.21,0.067,0.278
257,Malta,2013,M,179.17,102.42,18680.0,10491.7,15485.1,22706.8,31267.9,51661.8,0.267,0.113,0.26899999999999996
258,Malta,2014,F,59.4,85.83,20170.0,10491.7,15485.1,22706.8,31267.9,51661.8,0.21,0.067,0.278
259,Malta,2014,M,187.46,102.71,20170.0,10491.7,15485.1,22706.8,31267.9,51661.8,0.267,0.113,0.26899999999999996
260,Malta,2015,F,60.09,80.72,22490.0,10491.7,15485.1,22706.8,31267.9,51661.8,0.21,0.067,0.278
261,Malta,2015,M,170.43,92.62,22490.0,10491.7,15485.1,22706.8,31267.9,51661.8,0.267,0.113,0.26899999999999996
262,Malta,2016,F,65.62,84.61,23190.0,10491.7,15485.1,22706.8,31267.9,51661.8,0.21,0.067,0.278
263,Malta,2016,M,165.94,90.26,23190.0,10491.7,15485.1,22706.8,31267.9,51661.8,0.267,0.113,0.26899999999999996
264,Malta,2017,F,67.63,78.02,25540.0,10491.7,15485.1,22706.8,31267.9,51661.8,0.21,0.067,0.278
265,Malta,2017,M,169.91,92.47,25540.0,10491.7,15485.1,22706.8,31267.9,51661.8,0.267,0.113,0.26899999999999996
266,Netherlands,2011,F,100.74,79.25,38960.0,15503.8,24213.9,33979.6,44922.9,72170.4,0.132,0.033,
267,Netherlands,2011,M,183.49,79.22,38960.0,15503.8,24213.9,33979.6,44922.9,72170.4,0.105,0.057,
268,Netherlands,2012,F,100.72,77.56,38970.0,15503.8,24213.9,33979.6,44922.9,72170.4,0.132,0.033,
269,Netherlands,2012,M,180.13,79.63,38970.0,15503.8,24213.9,33979.6,44922.9,72170.4,0.105,0.057,
270,Netherlands,2013,F,98.04,72.62,39300.0,15503.8,24213.9,33979.6,44922.9,72170.4,0.132,0.033,
271,Netherlands,2013,M,176.05,75.33,39300.0,15503.8,24213.9,33979.6,44922.9,72170.4,0.105,0.057,
272,Netherlands,2014,F,97.52,68.33,39820.0,15503.8,24213.9,33979.6,44922.9,72170.4,0.132,0.033,
273,Netherlands,2014,M,167.9,68.96,39820.0,15503.8,24213.9,33979.6,44922.9,72170.4,0.105,0.057,
274,Netherlands,2015,F,100.15,71.28,40730.0,15503.8,24213.9,33979.6,44922.9,72170.4,0.132,0.033,
275,Netherlands,2015,M,171.23,70.26,40730.0,15503.8,24213.9,33979.6,44922.9,72170.4,0.105,0.057,
276,Netherlands,2016,F,100.48,70.22,41590.0,15503.8,24213.9,33979.6,44922.9,72170.4,0.132,0.033,
277,Netherlands,2016,M,168.07,67.77,41590.0,15503.8,24213.9,33979.6,44922.9,72170.4,0.105,0.057,
278,Netherlands,2017,F,94.8,65.17,43090.0,15503.8,24213.9,33979.6,44922.9,72170.4,0.132,0.033,
279,Netherlands,2017,M,162.26,64.88,43090.0,15503.8,24213.9,33979.6,44922.9,72170.4,0.105,0.057,
280,Poland,2011,F,119.63,114.28,9790.0,4614.5,8014.8,10857.3,14465.7,22984.3,0.126,0.057999999999999996,0.271
281,Poland,2011,M,396.56,192.44,9790.0,4614.5,8014.8,10857.3,14465.7,22984.3,0.17,0.166,0.36200000000000004
282,Poland,2012,F,119.22,113.05,10000.0,4614.5,8014.8,10857.3,14465.7,22984.3,0.126,0.057999999999999996,0.271
283,Poland,2012,M,388.55,187.43,10000.0,4614.5,8014.8,10857.3,14465.7,22984.3,0.17,0.166,0.36200000000000004
284,Poland,2013,F,117.95,110.4,10090.0,4614.5,8014.8,10857.3,14465.7,22984.3,0.126,0.057999999999999996,0.271
285,Poland,2013,M,373.46,181.39,10090.0,4614.5,8014.8,10857.3,14465.7,22984.3,0.17,0.166,0.36200000000000004
286,Poland,2014,F,114.65,101.85,10560.0,4614.5,8014.8,10857.3,14465.7,22984.3,0.126,0.057999999999999996,0.271
287,Poland,2014,M,352.93,166.73,10560.0,4614.5,8014.8,10857.3,14465.7,22984.3,0.17,0.166,0.36200000000000004
288,Poland,2015,F,112.54,101.23,11180.0,4614.5,8014.8,10857.3,14465.7,22984.3,0.126,0.057999999999999996,0.271
289,Poland,2015,M,348.67,167.77,11180.0,4614.5,8014.8,10857.3,14465.7,22984.3,0.17,0.166,0.36200000000000004
290,Poland,2016,F,110.87,101.01,11050.0,4614.5,8014.8,10857.3,14465.7,22984.3,0.126,0.057999999999999996,0.271
291,Poland,2016,M,343.9,164.61,11050.0,4614.5,8014.8,10857.3,14465.7,22984.3,0.17,0.166,0.36200000000000004
292,Poland,2017,F,114.73,101.73,12120.0,4614.5,8014.8,10857.3,14465.7,22984.3,0.126,0.057999999999999996,0.271
293,Poland,2017,M,340.79,168.48,12120.0,4614.5,8014.8,10857.3,14465.7,22984.3,0.17,0.166,0.36200000000000004
294,Portugal,2011,F,70.03,80.66,16680.0,6208.9,10708.5,15079.3,20649.4,37729.5,0.16,0.032,0.19399999999999998
295,Portugal,2011,M,240.39,111.68,16680.0,6208.9,10708.5,15079.3,20649.4,37729.5,0.142,0.11599999999999999,0.158
296,Portugal,2012,F,65.44,78.83,16010.0,6208.9,10708.5,15079.3,20649.4,37729.5,0.16,0.032,0.19399999999999998
297,Portugal,2012,M,232.96,110.35,16010.0,6208.9,10708.5,15079.3,20649.4,37729.5,0.142,0.11599999999999999,0.158
298,Portugal,2013,F,64.6,75.15,16300.0,6208.9,10708.5,15079.3,20649.4,37729.5,0.16,0.032,0.19399999999999998
299,Portugal,2013,M,229.47,107.99,16300.0,6208.9,10708.5,15079.3,20649.4,37729.5,0.142,0.11599999999999999,0.158
300,Portugal,2014,F,66.01,72.73,16640.0,6208.9,10708.5,15079.3,20649.4,37729.5,0.16,0.032,0.19399999999999998
301,Portugal,2014,M,233.88,108.67,16640.0,6208.9,10708.5,15079.3,20649.4,37729.5,0.142,0.11599999999999999,0.158
302,Portugal,2015,F,67.78,71.58,17350.0,6208.9,10708.5,15079.3,20649.4,37729.5,0.16,0.032,0.19399999999999998
303,Portugal,2015,M,227.5,105.11,17350.0,6208.9,10708.5,15079.3,20649.4,37729.5,0.142,0.11599999999999999,0.158
304,Portugal,2016,F,63.86,74.66,18060.0,6208.9,10708.5,15079.3,20649.4,37729.5,0.16,0.032,0.19399999999999998
305,Portugal,2016,M,229.22,105.66,18060.0,6208.9,10708.5,15079.3,20649.4,37729.5,0.142,0.11599999999999999,0.158
306,Portugal,2017,F,63.77,71.17,19020.0,6208.9,10708.5,15079.3,20649.4,37729.5,0.16,0.032,0.19399999999999998
307,Portugal,2017,M,224.74,99.35,19020.0,6208.9,10708.5,15079.3,20649.4,37729.5,0.142,0.11599999999999999,0.158
308,Romania,2011,F,188.77,177.74,6880.0,1681.5,3048.3,4116.6,5764.5,9844.5,0.077,0.015,0.254
309,Romania,2011,M,514.53,280.7,6880.0,1681.5,3048.3,4116.6,5764.5,9844.5,0.08,0.102,0.32299999999999995
310,Romania,2012,F,183.13,174.55,6950.0,1681.5,3048.3,4116.6,5764.5,9844.5,0.077,0.015,0.254
311,Romania,2012,M,507.18,274.74,6950.0,1681.5,3048.3,4116.6,5764.5,9844.5,0.08,0.102,0.32299999999999995
312,Romania,2013,F,174.5,168.48,7150.0,1681.5,3048.3,4116.6,5764.5,9844.5,0.077,0.015,0.254
313,Romania,2013,M,485.8,262.39,7150.0,1681.5,3048.3,4116.6,5764.5,9844.5,0.08,0.102,0.32299999999999995
314,Romania,2014,F,172.98,164.53,7560.0,1681.5,3048.3,4116.6,5764.5,9844.5,0.077,0.015,0.254
315,Romania,2014,M,488.09,259.53,7560.0,1681.5,3048.3,4116.6,5764.5,9844.5,0.08,0.102,0.32299999999999995
316,Romania,2015,F,169.03,162.76,8090.0,1681.5,3048.3,4116.6,5764.5,9844.5,0.077,0.015,0.254
317,Romania,2015,M,482.43,264.59,8090.0,1681.5,3048.3,4116.6,5764.5,9844.5,0.08,0.102,0.32299999999999995
318,Romania,2016,F,167.0,161.32,8500.0,1681.5,3048.3,4116.6,5764.5,9844.5,0.077,0.015,0.254
319,Romania,2016,M,475.62,263.53,8500.0,1681.5,3048.3,4116.6,5764.5,9844.5,0.08,0.102,0.32299999999999995
320,Romania,2017,F,164.0,159.13,9510.0,1681.5,3048.3,4116.6,5764.5,9844.5,0.077,0.015,0.254
321,Romania,2017,M,471.03,261.74,9510.0,1681.5,3048.3,4116.6,5764.5,9844.5,0.08,0.102,0.32299999999999995
322,Slovakia,2011,F,134.24,138.79,13300.0,6429.9,9646.4,12232.6,16138.4,24098.8,0.122,0.022000000000000002,0.293
323,Slovakia,2011,M,458.5,237.49,13300.0,6429.9,9646.4,12232.6,16138.4,24098.8,0.14300000000000002,0.09,0.34600000000000003
324,Slovakia,2012,F,135.42,139.03,13620.0,6429.9,9646.4,12232.6,16138.4,24098.8,0.122,0.022000000000000002,0.293
325,Slovakia,2012,M,447.23,237.26,13620.0,6429.9,9646.4,12232.6,16138.4,24098.8,0.14300000000000002,0.09,0.34600000000000003
326,Slovakia,2013,F,126.52,140.38,13760.0,6429.9,9646.4,12232.6,16138.4,24098.8,0.122,0.022000000000000002,0.293
327,Slovakia,2013,M,424.49,237.99,13760.0,6429.9,9646.4,12232.6,16138.4,24098.8,0.14300000000000002,0.09,0.34600000000000003
328,Slovakia,2014,F,126.54,128.19,14090.0,6429.9,9646.4,12232.6,16138.4,24098.8,0.122,0.022000000000000002,0.293
329,Slovakia,2014,M,403.2,224.24,14090.0,6429.9,9646.4,12232.6,16138.4,24098.8,0.14300000000000002,0.09,0.34600000000000003
330,Slovakia,2015,F,127.62,132.55,14780.0,6429.9,9646.4,12232.6,16138.4,24098.8,0.122,0.022000000000000002,0.293
331,Slovakia,2015,M,413.26,231.9,14780.0,6429.9,9646.4,12232.6,16138.4,24098.8,0.14300000000000002,0.09,0.34600000000000003
332,Slovakia,2016,F,121.14,128.32,14960.0,6429.9,9646.4,12232.6,16138.4,24098.8,0.122,0.022000000000000002,0.293
333,Slovakia,2016,M,389.76,217.69,14960.0,6429.9,9646.4,12232.6,16138.4,24098.8,0.14300000000000002,0.09,0.34600000000000003
334,Slovakia,2017,F,123.06,129.52,15570.0,6429.9,9646.4,12232.6,16138.4,24098.8,0.122,0.022000000000000002,0.293
335,Slovakia,2017,M,375.14,227.96,15570.0,6429.9,9646.4,12232.6,16138.4,24098.8,0.14300000000000002,0.09,0.34600000000000003
336,Slovenia,2011,F,101.73,81.06,18050.0,7877.5,14305.4,20553.2,26351.4,39314.2,0.153,0.040999999999999995,0.3
337,Slovenia,2011,M,324.39,122.75,18050.0,7877.5,14305.4,20553.2,26351.4,39314.2,0.193,0.115,0.259
338,Slovenia,2012,F,102.52,78.11,17630.0,7877.5,14305.4,20553.2,26351.4,39314.2,0.153,0.040999999999999995,0.3
339,Slovenia,2012,M,311.21,112.49,17630.0,7877.5,14305.4,20553.2,26351.4,39314.2,0.193,0.115,0.259
340,Slovenia,2013,F,97.81,74.53,17700.0,7877.5,14305.4,20553.2,26351.4,39314.2,0.153,0.040999999999999995,0.3
341,Slovenia,2013,M,307.89,117.81,17700.0,7877.5,14305.4,20553.2,26351.4,39314.2,0.193,0.115,0.259
342,Slovenia,2014,F,92.31,73.17,18250.0,7877.5,14305.4,20553.2,26351.4,39314.2,0.153,0.040999999999999995,0.3
343,Slovenia,2014,M,290.42,107.5,18250.0,7877.5,14305.4,20553.2,26351.4,39314.2,0.193,0.115,0.259
344,Slovenia,2015,F,95.53,76.21,18830.0,7877.5,14305.4,20553.2,26351.4,39314.2,0.153,0.040999999999999995,0.3
345,Slovenia,2015,M,295.11,110.4,18830.0,7877.5,14305.4,20553.2,26351.4,39314.2,0.193,0.115,0.259
346,Slovenia,2016,F,86.03,65.88,19590.0,7877.5,14305.4,20553.2,26351.4,39314.2,0.153,0.040999999999999995,0.3
347,Slovenia,2016,M,287.53,94.8,19590.0,7877.5,14305.4,20553.2,26351.4,39314.2,0.193,0.115,0.259
348,Slovenia,2017,F,96.58,66.36,20820.0,7877.5,14305.4,20553.2,26351.4,39314.2,0.153,0.040999999999999995,0.3
349,Slovenia,2017,M,283.01,91.43,20820.0,7877.5,14305.4,20553.2,26351.4,39314.2,0.193,0.115,0.259
350,Spain,2011,F,53.75,62.96,22760.0,8959.4,16158.6,23198.7,31863.7,54359.7,0.132,0.054000000000000006,0.221
351,Spain,2011,M,208.86,86.96,22760.0,8959.4,16158.6,23198.7,31863.7,54359.7,0.155,0.107,0.201
352,Spain,2012,F,52.94,60.14,22050.0,8959.4,16158.6,23198.7,31863.7,54359.7,0.132,0.054000000000000006,0.221
353,Spain,2012,M,204.53,86.36,22050.0,8959.4,16158.6,23198.7,31863.7,54359.7,0.155,0.107,0.201
354,Spain,2013,F,53.85,59.91,21910.0,8959.4,16158.6,23198.7,31863.7,54359.7,0.132,0.054000000000000006,0.221
355,Spain,2013,M,198.39,82.3,21910.0,8959.4,16158.6,23198.7,31863.7,54359.7,0.155,0.107,0.201
356,Spain,2014,F,53.12,56.95,22230.0,8959.4,16158.6,23198.7,31863.7,54359.7,0.132,0.054000000000000006,0.221
357,Spain,2014,M,192.44,81.19,22230.0,8959.4,16158.6,23198.7,31863.7,54359.7,0.155,0.107,0.201
358,Spain,2015,F,53.63,57.08,23230.0,8959.4,16158.6,23198.7,31863.7,54359.7,0.132,0.054000000000000006,0.221
359,Spain,2015,M,190.48,80.8,23230.0,8959.4,16158.6,23198.7,31863.7,54359.7,0.155,0.107,0.201
360,Spain,2016,F,53.27,55.73,23990.0,8959.4,16158.6,23198.7,31863.7,54359.7,0.132,0.054000000000000006,0.221
361,Spain,2016,M,187.54,79.15,23990.0,8959.4,16158.6,23198.7,31863.7,54359.7,0.155,0.107,0.201
362,Spain,2017,F,53.83,54.63,24980.0,8959.4,16158.6,23198.7,31863.7,54359.7,0.132,0.054000000000000006,0.221
363,Spain,2017,M,183.0,77.63,24980.0,8959.4,16158.6,23198.7,31863.7,54359.7,0.155,0.107,0.201
364,Sweden,2011,F,87.16,67.82,43690.0,14078.1,24141.6,37051.4,48388.8,71973.8,0.131,0.012,0.281
365,Sweden,2011,M,168.63,87.48,43690.0,14078.1,24141.6,37051.4,48388.8,71973.8,0.13,0.013999999999999999,0.298
366,Sweden,2012,F,87.65,67.44,45170.0,14078.1,24141.6,37051.4,48388.8,71973.8,0.131,0.012,0.281
367,Sweden,2012,M,164.2,84.27,45170.0,14078.1,24141.6,37051.4,48388.8,71973.8,0.13,0.013999999999999999,0.298
368,Sweden,2013,F,88.93,66.79,46020.0,14078.1,24141.6,37051.4,48388.8,71973.8,0.131,0.012,0.281
369,Sweden,2013,M,164.52,82.92,46020.0,14078.1,24141.6,37051.4,48388.8,71973.8,0.13,0.013999999999999999,0.298
370,Sweden,2014,F,88.24,63.73,45260.0,14078.1,24141.6,37051.4,48388.8,71973.8,0.131,0.012,0.281
371,Sweden,2014,M,159.74,77.56,45260.0,14078.1,24141.6,37051.4,48388.8,71973.8,0.13,0.013999999999999999,0.298
372,Sweden,2015,F,84.66,63.2,46480.0,14078.1,24141.6,37051.4,48388.8,71973.8,0.131,0.012,0.281
373,Sweden,2015,M,160.16,78.69,46480.0,14078.1,24141.6,37051.4,48388.8,71973.8,0.13,0.013999999999999999,0.298
374,Sweden,2016,F,86.12,61.04,46990.0,14078.1,24141.6,37051.4,48388.8,71973.8,0.131,0.012,0.281
375,Sweden,2016,M,156.36,74.39,46990.0,14078.1,24141.6,37051.4,48388.8,71973.8,0.13,0.013999999999999999,0.298
376,Sweden,2017,F,84.78,61.46,47730.0,14078.1,24141.6,37051.4,48388.8,71973.8,0.131,0.012,0.281
377,Sweden,2017,M,151.25,71.9,47730.0,14078.1,24141.6,37051.4,48388.8,71973.8,0.13,0.013999999999999999,0.298
378,United Kingdom,2011,F,107.87,85.92,30230.0,13695.5,24861.3,33033.3,45787.7,78788.4,0.204,0.032,0.19399999999999998
379,United Kingdom,2011,M,213.43,103.49,30230.0,13695.5,24861.3,33033.3,45787.7,78788.4,0.19899999999999998,0.051,0.165
380,United Kingdom,2012,F,107.15,85.12,33140.0,13695.5,24861.3,33033.3,45787.7,78788.4,0.204,0.032,0.19399999999999998
381,United Kingdom,2012,M,208.24,100.37,33140.0,13695.5,24861.3,33033.3,45787.7,78788.4,0.19899999999999998,0.051,0.165
382,United Kingdom,2013,F,105.41,82.29,32700.0,13695.5,24861.3,33033.3,45787.7,78788.4,0.204,0.032,0.19399999999999998
383,United Kingdom,2013,M,206.69,98.42,32700.0,13695.5,24861.3,33033.3,45787.7,78788.4,0.19899999999999998,0.051,0.165
384,United Kingdom,2014,F,105.41,81.24,35780.0,13695.5,24861.3,33033.3,45787.7,78788.4,0.204,0.032,0.19399999999999998
385,United Kingdom,2014,M,201.67,96.08,35780.0,13695.5,24861.3,33033.3,45787.7,78788.4,0.19899999999999998,0.051,0.165
386,United Kingdom,2015,F,106.21,81.74,40620.0,13695.5,24861.3,33033.3,45787.7,78788.4,0.204,0.032,0.19399999999999998
387,United Kingdom,2015,M,203.1,97.94,40620.0,13695.5,24861.3,33033.3,45787.7,78788.4,0.19899999999999998,0.051,0.165
388,United Kingdom,2016,F,107.03,83.25,37080.0,13695.5,24861.3,33033.3,45787.7,78788.4,0.204,0.032,0.19399999999999998
389,United Kingdom,2016,M,203.71,97.55,37080.0,13695.5,24861.3,33033.3,45787.7,78788.4,0.19899999999999998,0.051,0.165
390,United Kingdom,2017,F,105.04,80.52,35730.0,13695.5,24861.3,33033.3,45787.7,78788.4,0.204,0.032,0.19399999999999998
391,United Kingdom,2017,M,201.73,96.8,35730.0,13695.5,24861.3,33033.3,45787.7,78788.4,0.19899999999999998,0.051,0.165
